label,precision,recall,f1-score,support,value
MEL,0.6821428571428572,0.5148247978436657,0.5867895545314901,1113.0,
NV,0.8992323796231682,0.960924683072334,0.9290555155010815,6705.0,
BCC,0.8094302554027505,0.8015564202334631,0.8054740957966764,514.0,
AKIEC,0.6701388888888888,0.5902140672782875,0.6276422764227643,327.0,
BKL,0.7655453618756372,0.6833484986351228,0.7221153846153846,1099.0,
DF,0.7386363636363636,0.5652173913043478,0.6403940886699507,115.0,
VASC,0.8125,0.823943661971831,0.8181818181818182,142.0,
accuracy,,,,,0.854118821767349
macro avg,0.7682323009385236,0.7057185029055788,0.7328075333884524,10015.0,
weighted avg,0.8452734106676516,0.854118821767349,0.8472390076214882,10015.0,
