,,drop_accuracy,drop_accuracy,drop_accuracy,drop_macro_f1,drop_macro_f1,drop_macro_f1
,,mean,std,count,mean,std,count
config,artifact,,,,,,
B4 SC-v1,hair,0.7721750707272471,0.10100842672986181,3,0.6903882490175003,0.21186951258072145,3
B4 SC-v1,occlusion,2.8557164253619614,0.3909490154858109,3,6.629983478393901,0.7245373062858975,3
B4 SC-v1,ruler,1.0284573140289595,0.19258413901133986,3,2.4879181294823507,0.4774399107145933,3
B4 SC-v2,hair,0.4892661008487287,0.15371746698293182,3,0.4169792510309023,0.31428885897164316,3
B4 SC-v2,occlusion,2.7858212680978505,0.2257145193301496,3,6.256196328633656,0.20859024275854182,3
B4 SC-v2,ruler,0.7022799134631367,0.030504747511770524,3,1.3251441663055659,0.5853996814706846,3
B4 baseline,hair,0.5391912131802271,0.16678275674978008,3,0.5900428068680741,1.0418635816039143,3
B4 baseline,occlusion,2.642702612747542,0.6344484637014548,3,5.5330115248357705,0.9478662932384384,3
B4 baseline,ruler,0.5658179397570259,0.11355448233803611,3,2.018842407484119,0.7256812841444563,3
