config,reference,d_accuracy_mean,d_accuracy_std,d_accuracy_count,d_balanced_accuracy_mean,d_balanced_accuracy_std,d_balanced_accuracy_count,d_macro_f1_mean,d_macro_f1_std,d_macro_f1_count
B0 SC no priors,B0 SC-v1 (lambda 0.10),-0.0006656681644200783,0.005511093226425041,3,-0.010231642884319695,0.000856082327387506,3,-0.00432771969700448,0.004395181378477231,3
B0 SC no priors,B0 attention-only,-0.0042269928440672455,0.0052970834354019005,3,-0.001308606932208208,0.00505983393164144,3,-0.00747641214015989,0.009816871989185363,3
B0 SC no priors,B0 headless,0.00213013812614408,0.00791046560830108,3,0.0077237486730183935,0.009312072412009247,3,0.011325758777268305,0.01467231716787643,3
B0 SC-v1 (lambda 0.10),B0 attention-only,-0.0035613246796471227,0.0040991324528781995,3,0.008923035952111434,0.004203757861705959,3,-0.0031486924431554006,0.008424624778307365,3
B0 SC-v1 (lambda 0.10),B0 headless,0.0027958062905640998,0.003406634470141164,3,0.017955391557338034,0.008539762310533897,3,0.015653478474272734,0.011980081754764857,3
B0 SC-v2,B0 SC no priors,0.004726243967382267,0.0055865583509911625,3,0.010503246515437362,0.008530340721601986,3,0.01024129002230519,0.012094257509428556,3
B0 SC-v2,B0 SC-v1 (lambda 0.10),0.004060575802962134,0.000230594216351253,3,0.00027160363111770024,0.007866167397082336,3,0.005913570325300733,0.009044581000484218,3
B0 SC-v2,B0 attention-only,0.0004992511233150332,0.003933642656733334,3,0.009194639583229067,0.005463884562695913,3,0.0027648778821453,0.004545333680132333,3
B0 SC-v2,B0 headless,0.006856382093526299,0.0031847891399982738,3,0.018226995188455702,0.00916955461569888,3,0.02156704879957343,0.0030590803642651584,3
B0 attention-only,B0 headless,0.006357130970211265,0.0037056856474533416,3,0.009032355605226567,0.005134348454793856,3,0.018802170917428133,0.005637783155394775,3
B0 headless,B0 baseline,0.00023298385754703336,0.003129525444610799,3,-0.002154031263170033,0.024486199449750622,3,-0.008527881271922935,0.013968293279741069,3
B4 SC-v1,B4 baseline,0.012547844899317666,0.004359618303700464,3,0.011726025147393099,0.010783771157675696,3,0.0180407482734519,0.011111328117096685,3
B4 SC-v1,B4 headless,0.0040938592111832,0.0019050208715265806,3,0.006006197402849933,0.005449528222426685,3,0.006485646146886866,0.006000226771498093,3
B4 SC-v2,B4 SC-v1,-0.002862373107006133,0.0011995887030081464,3,-0.008070951694868067,0.007378424402879519,3,-0.006444516382671533,0.005142259848244698,3
B4 SC-v2,B4 baseline,0.0096854717923115,0.003174860328624017,3,0.0036550734525251003,0.010601007836568399,3,0.011596231890780332,0.008392726576829008,3
B4 SC-v2,B4 headless,0.0012314861041770335,0.0011658698544274176,3,-0.0020647542920180667,0.0031123790030981855,3,4.1129764215266656e-05,0.001135712404845801,3
B4 headless,B4 baseline,0.008453985688134434,0.002824779150303708,3,0.005719827744543133,0.00804715080853032,3,0.011555102126565034,0.008965434121732754,3
