config,reference,seed,d_accuracy,d_accuracy_ci_low,d_accuracy_ci_high,d_balanced_accuracy,d_balanced_accuracy_ci_low,d_balanced_accuracy_ci_high,d_macro_f1,d_macro_f1_ci_low,d_macro_f1_ci_high,only_config_correct,only_reference_correct,mcnemar_p
B0 headless,B0 baseline,42,0.0035946080878682,-0.0034926828328639,0.0104432960766844,-0.0010034497023487,-0.0232493042748441,0.0207113993701265,0.0012818332016952,-0.0194811708405176,0.0214753625561857,587,551,0.2994904282964075
B0 headless,B0 baseline,43,-0.0025961058412381,-0.0097966001600736,0.0046204572113276,-0.0271952388473077,-0.0501971150162732,-0.0061431465936722,-0.0245205851711108,-0.0446766831661394,-0.005236515110078,570,596,0.4641014776363688
B0 headless,B0 baseline,44,-0.000299550673989,-0.0072887991190527,0.006414438243702,0.0217365947601463,0.0018900664581356,0.0411971741593948,-0.0023448918463532,-0.0219530257557506,0.0164982430392876,541,544,0.9515877609783128
B0 attention-only,B0 headless,42,0.002496255616575,-0.0043063202933347,0.009406256715506,0.0086435112463948,-0.0137337857057158,0.031506634600813,0.0130800444910071,-0.0067191283934311,0.0332985061704455,549,524,0.4637727933857467
B0 attention-only,B0 headless,43,0.0066899650524213,0.0001002395729711,0.0134187604028156,0.0143500710715525,-0.0053765912818583,0.0325575612041962,0.018974823675129,0.0005620181345168,0.0357195350412456,534,467,0.0369203897607947
B0 attention-only,B0 headless,44,0.0098851722416375,0.0027807933907964,0.0169928294663124,0.0041034844977324,-0.0156566859383888,0.0258095727812067,0.0243516445861483,0.0055748499708874,0.0453859683300769,596,497,0.0030167809559295
B0 SC-v1 (lambda 0.10),B0 headless,42,0.0,-0.006487958347904,0.0070514935332582,0.0137549353997227,-0.0070809830368029,0.0348301876003404,0.0020720730201171,-0.0168194534617881,0.0202591590924547,527,527,1.0
B0 SC-v1 (lambda 0.10),B0 headless,43,0.0065901148277583,-0.000503125386566,0.0133950631946705,0.0277818519890703,0.0081042520101743,0.0463697404262939,0.0247204562875876,0.0059867577491389,0.042220257049684,536,470,0.0403756046871823
B0 SC-v1 (lambda 0.10),B0 headless,44,0.001797304043934,-0.0048761192073647,0.0087181441815356,0.0123293872832211,-0.0063143897623933,0.0325082923728682,0.0201679061151135,0.0018188115534479,0.0395151722898727,546,528,0.6039650834525748
B0 SC-v2,B0 headless,42,0.0041937094358461,-0.0025044270217183,0.0110033009902971,0.023096904503319,0.0029966582331467,0.043665807737727,0.0183680599660035,0.0001763075177442,0.0371946615633349,544,502,0.2048816429104205
B0 SC-v2,B0 headless,43,0.0103844233649526,0.0037150307739611,0.0169358680881352,0.0239341360413359,0.0060638808632432,0.0422662184599055,0.0244637808611459,0.0079143798750247,0.0408146510524319,553,449,0.0011279564794322
B0 SC-v2,B0 headless,44,0.0059910134797802,-0.0011039984128675,0.0127145432816694,0.0076499450207122,-0.0137584649819427,0.0291194003586677,0.0218693055715709,0.0036235775270861,0.0421858389919639,563,503,0.0707024688785221
B0 SC-v1 (lambda 0.10),B0 attention-only,42,-0.002496255616575,-0.0092640966846546,0.0045005401350865,0.0051114241533278,-0.0164581205879054,0.0281517578129685,-0.01100797147089,-0.0307609515827734,0.0092525753508775,533,558,0.4674835666862127
B0 SC-v1 (lambda 0.10),B0 attention-only,43,-9.985022466296734e-05,-0.0067495305179364,0.0066936439671652,0.0134317809175178,-0.003108491814482,0.0297625527005516,0.0057456326124586,-0.0104656020762189,0.0211671555403243,488,489,1.0
B0 SC-v1 (lambda 0.10),B0 attention-only,44,-0.0080878681977034,-0.0152341157862863,-0.0010936619098445,0.0082259027854887,-0.0117787656322509,0.0285200294136118,-0.0041837384710348,-0.0234054000168655,0.0143335893391058,508,589,0.0156802020945043
B0 SC-v2,B0 attention-only,42,0.0016974538192711,-0.0052755618950215,0.0085205345215199,0.0144533932569241,-0.0048644080461674,0.0338610229113849,0.0052880154749963,-0.012366080755668,0.0227599077242683,504,487,0.6112955682997341
B0 SC-v2,B0 attention-only,43,0.0036944583125312,-0.0025037940906807,0.0101326190664678,0.0095840649697834,-0.0068811500022645,0.025602366454726,0.0054889571860169,-0.0100697587959715,0.0209666904100026,457,420,0.2241035376444857
B0 SC-v2,B0 attention-only,44,-0.0038941587618572,-0.0108209009903215,0.0027965818349188,0.0035464605229797,-0.0160003716471256,0.0237787621140652,-0.0024823390145773,-0.0211976067591176,0.0170233730590089,474,513,0.2264322229593223
B0 SC-v2,B0 SC-v1 (lambda 0.10),42,0.0041937094358461,-0.0019974419917263,0.0106802425925794,0.0093419691035963,-0.0096674561504355,0.0287391763687681,0.0162959869458864,-0.000709303445713,0.0342849070708771,489,447,0.1801732456536481
B0 SC-v2,B0 SC-v1 (lambda 0.10),43,0.0037943085371942,-0.0024176343201578,0.0098838205911015,-0.0038477159477343,-0.0220564771993105,0.0140632158321494,-0.0002566754264416,-0.0186015985197867,0.0166399273805416,444,406,0.2043820886418222
B0 SC-v2,B0 SC-v1 (lambda 0.10),44,0.0041937094358461,-0.0024898515924268,0.0105201984485659,-0.0046794422625089,-0.0219910216667015,0.0118565807330448,0.0017013994564574,-0.0140800924407515,0.0172598530631143,502,460,0.1861752935230905
B4 headless,B4 baseline,42,0.0115826260609086,0.0052384509693338,0.0182765841666785,0.0131120219383501,-0.0067903889005164,0.0331205836842441,0.0197573747034069,0.0018692665614505,0.037819097539255,541,425,0.000212112567409
B4 headless,B4 baseline,43,0.0060908637044433,-0.0007927306872015,0.0126924480058065,-0.0028520497910199,-0.0224560241798738,0.0160644392439194,0.0019839519055731,-0.0169595069389756,0.0198789449384775,541,480,0.0603620027811299
B4 headless,B4 baseline,44,0.0076884672990514,0.000996838674984,0.0143985711573548,0.0068995110862992,-0.0113434207232893,0.0253504465326675,0.0129239797707151,-0.0035551037542418,0.0285889569384163,520,443,0.0142805754429766
B4 SC-v1,B4 headless,42,0.0050923614578133,-0.0016880234750789,0.0115270072670705,0.010945137714207,-0.0090660841801518,0.0310339648425757,0.0110649299867691,-0.0073668988339778,0.0282431366947556,517,466,0.1107209554963059
B4 SC-v1,B4 headless,43,0.0018971542685971,-0.0039617594626821,0.0077993761716592,0.006913487424866,-0.0118988667626599,0.026237721440663,0.0086988190071413,-0.0083954014316193,0.0258438064130948,407,388,0.5232429791246296
B4 SC-v1,B4 headless,44,0.0052920619071392,-0.0004994655893518,0.0110215400888612,0.0001599670694768,-0.0176072690916994,0.0190077541057954,-0.0003068105532498,-0.0167679176486786,0.0163681436048721,424,371,0.0650790630261368
B4 SC-v2,B4 headless,42,0.0009985022466301,-0.0053943770582835,0.0073474351165596,-0.0013212837497335,-0.0211256214427881,0.0186308404421339,0.0001355343198508,-0.0183576519258636,0.0179684630121028,456,446,0.7644502610105903
B4 SC-v2,B4 headless,43,0.000199700449326,-0.0058303902084102,0.0061754718566789,-0.0054815415698579,-0.0220640350763173,0.0110540738490154,0.0011266933498605,-0.0142425136979371,0.0167656611958712,423,421,0.9725438147462652
B4 SC-v2,B4 headless,44,0.002496255616575,-0.003692449376661,0.0088055698863662,0.0006085624435372,-0.0175337769184222,0.0194694245950319,-0.0011388383770655,-0.0167731028710189,0.0166675398241265,435,410,0.4090315785274675
B4 SC-v2,B4 SC-v1,42,-0.0040938592111832,-0.010426069265109,0.0028872391227392,-0.0122664214639405,-0.0300244088647198,0.0064105908449014,-0.0109293956669183,-0.0269415173514116,0.0063214406310075,451,492,0.1926910961525346
B4 SC-v2,B4 SC-v1,43,-0.0016974538192711,-0.0071848724271583,0.0037009126117701,-0.012395028994724,-0.0289252458911714,0.0034870350494854,-0.0075721256572807,-0.0238625331215471,0.0081815325801658,332,349,0.53982718077458
B4 SC-v2,B4 SC-v1,44,-0.0027958062905641,-0.0083213018691944,0.0022974332294382,0.0004485953740603,-0.015589345249789,0.0156719652266429,-0.0008320278238156,-0.0152899707364528,0.0135541427662683,328,356,0.3018946787217085
B4 SC-v1,B4 baseline,42,0.0166749875187219,0.0097741481467181,0.0237883438043002,0.0240571596525571,0.0046268547381391,0.0436653616416632,0.0308223046901761,0.0131683820435115,0.0482930295041064,597,430,2.0930372715836975e-07
B4 SC-v1,B4 baseline,43,0.0079880179730404,0.001195323304822,0.0146620620037239,0.0040614376338461,-0.0154547086040751,0.0231395129916141,0.0106827709127144,-0.0084333602622289,0.0286161667346345,534,454,0.0119216731175194
B4 SC-v1,B4 baseline,44,0.0129805292061907,0.0069080664998715,0.0192831718241235,0.0070594781557761,-0.0093877359366877,0.024842034217021,0.0126171692174652,-0.0036052318325627,0.0285661114588754,537,407,2.6131616696137995e-05
B4 SC-v2,B4 baseline,42,0.0125811283075387,0.0062022022709623,0.0187218535892434,0.0117907381886166,-0.0064738473287776,0.0298339546756048,0.0198929090232578,0.0022966705926222,0.0362597805168802,529,403,4.125781803780979e-05
B4 SC-v2,B4 baseline,43,0.0062905641537693,-0.0006006021037556,0.0125923601191578,-0.0083335913608778,-0.0282578186492364,0.0103290806133185,0.0031106452554336,-0.0155818614065623,0.0202951478024823,535,472,0.0506726281740467
B4 SC-v2,B4 baseline,44,0.0101847229156265,0.003815155819346,0.0167497925010489,0.0075080735298365,-0.0107925643509931,0.0258953226073484,0.0117851413936496,-0.0048381787925904,0.0296180970880452,552,450,0.0014072671132723
B0 SC no priors,B0 headless,42,-0.006889665501747411,-0.013704883092784743,-0.00019937695186546814,0.0027445088229728354,-0.016988996465509058,0.022694435353894236,-0.005572932291843524,-0.023775912496148424,0.01349088427760106,499,568,0.03731656466053135
B0 SC-v2,B0 SC no priors,42,0.011083374937593593,0.0054864087006699066,0.016779325860879494,0.02035239568034619,0.005766626843330414,0.03588346913840148,0.02394099225784707,0.010091368870331064,0.03851549629047765,405,294,3.062806230346983e-05
B0 SC no priors,B0 attention-only,42,-0.009385921118322482,-0.016300054671968173,-0.002374005550322604,-0.005899002423422006,-0.02755776495868923,0.015584749871148577,-0.018652976782850716,-0.03863027501782067,0.001054297525974014,490,584,0.004520543982931819
B0 SC no priors,B0 SC-v1 (lambda 0.10),42,-0.006889665501747411,-0.013095352185582786,-0.0007060191643963914,-0.011010426576749888,-0.02972539088430303,0.008692241651046116,-0.007645005311960662,-0.024732527710549956,0.010405343289746734,440,509,0.02723554368395495
B0 SC no priors,B0 headless,43,0.007888167748377417,0.0013956629803400123,0.014728241579594802,0.01846685698134265,0.0012840078665403848,0.036600575967870724,0.01872507041341831,0.0019412096699817389,0.03556174339321414,547,468,0.014313868682227903
B0 SC-v2,B0 SC no priors,43,0.0024962556165751826,-0.0025853540920506763,0.007347939909799885,0.005467279059993335,-0.007532343382680692,0.0185667767337739,0.0057387104477276685,-0.0076334952335447345,0.018464960029488893,318,293,0.3315840344912222
B0 SC no priors,B0 attention-only,43,0.0011982026959560521,-0.005262792242480702,0.007906188671897255,0.004116785909790144,-0.013113066639818058,0.02134615939607887,-0.00024975326171072787,-0.016702352890717066,0.016030364005925488,462,450,0.7156956162021421
B0 SC no priors,B0 SC-v1 (lambda 0.10),43,0.0012980529206190194,-0.004926926705389595,0.007482117767656981,-0.0093149950077277,-0.02829415962814347,0.008432884882794275,-0.005995385874169368,-0.023867645182695362,0.011011825195150902,439,426,0.6832887909182372
B0 SC no priors,B0 headless,44,0.0053919121318022345,-0.0013994507186625704,0.012014430024746059,0.0019598802147396954,-0.01826128322684192,0.023346340236042595,0.020825138210230132,0.0030358998754223764,0.03987591635773811,546,492,0.0999145210411082
B0 SC-v2,B0 SC no priors,44,0.0005991013479780261,-0.005207003832638266,0.005765854395672878,0.005690064805972561,-0.009579905420457575,0.020362398412714002,0.0010441673613408309,-0.012888653520210635,0.015073515888460743,328,322,0.8445382331741877
B0 SC no priors,B0 attention-only,44,-0.0044932601098353064,-0.011411627615699143,0.002110149828949795,-0.0021436042829927615,-0.021461661854005616,0.017273388612301585,-0.003526506375918226,-0.022043373796281206,0.014669984890012191,467,512,0.15961634647949566
B0 SC no priors,B0 SC-v1 (lambda 0.10),44,0.0035946080878681563,-0.0029879665763497877,0.010012169979555207,-0.010369507068481498,-0.02688979693868242,0.006428224695129667,0.0006572320951165889,-0.014794865690057788,0.01607964170580218,492,456,0.25563184143403944
