config,accuracy_mean,accuracy_std,accuracy_count,balanced_accuracy_mean,balanced_accuracy_std,balanced_accuracy_count,macro_f1_mean,macro_f1_std,macro_f1_count,mask_mean_mean,mask_mean_std,mask_mean_count,mask_frac_below_05_mean,mask_frac_below_05_std,mask_frac_below_05_count
B0 SC-v1 (lambda 0.10),0.8264603095356965,0.0020633028776607036,3,0.6740841690913201,0.004810177445076359,3,0.6847361043610359,0.007103525877467261,3,0.9828785070902417,0.00033753305171922195,3,6.113278935744743e-06,1.058850971755049e-05,3
B0 SC-v2,0.8305208853386586,0.001842049472727168,3,0.6743557727224377,0.004211437985764926,3,0.6906496746863366,0.002525574169561003,3,0.5157792666734484,0.0015713288879184008,3,0.4906850536252679,0.00601523257281389,3
B0 attention-only,0.8300216342153437,0.0024627473101928453,3,0.6651611331392085,0.0012553566476423397,3,0.6878847968041913,0.002795401175445737,3,0.6853818942899811,0.023184990510055778,3,0.3175658223396987,0.027840967483461383,3
B0 baseline,0.8234315193875853,0.00125642110755046,3,0.6582828087971521,0.018794029910001474,3,0.6776105071586861,0.011524763572496948,3,,,0,,,0
B0 headless,0.8236645032451323,0.001943876418765085,3,0.6561287775339819,0.005801702845312626,3,0.6690826258867631,0.00499889140094143,3,,,0,,,0
B4 SC-v1,0.8540189715426859,0.002148520698087856,3,0.7109232901490125,0.0046618095251721075,3,0.7368910517580427,0.004568742730965553,3,0.9925679884668713,0.003158439494820035,2,0.0067104205730241975,0.002808991262452706,2
B4 SC-v2,0.8511565984356798,0.00095946315895487,3,0.7028523384541444,0.003132564338866917,3,0.7304465353753712,0.0017963840219682825,3,0.5158562401603156,0.0028296033035766347,3,0.4872623974312004,0.002126663684351403,3
B4 baseline,0.8414711266433682,0.0022155352625252427,3,0.6991972650016193,0.008820601952768613,3,0.7188503034845909,0.007270399651780342,3,,,0,,,0
B4 headless,0.8499251123315027,0.0010983524712930154,3,0.7049170927461624,0.000995620997479103,3,0.7304054056111559,0.0029028026790148477,3,,,0,,,0
