fold,epoch,loss,loss_cls,loss_cons
0,1,0.5062323281532853,0.47439822225686296,0.3183410550084595
0,2,0.21240305378353308,0.20396969461721146,0.08433359647196481
0,3,0.13726492227427498,0.13249454050865073,0.047703820002882084
0,4,0.09648117618983335,0.09332396187062353,0.03157214246948217
0,5,0.06971909712737924,0.06750777593971327,0.02211321037928025
0,6,0.06340473563078716,0.06183112593438235,0.015736098919581092
0,7,0.0485680840575178,0.047332388163916606,0.012356956944161989
0,8,0.040624064481224124,0.03972930458979955,0.00894759942361555
0,9,0.03649939830199493,0.03571439443726254,0.00785003958597971
0,10,0.03073673809561569,0.03011572523487909,0.006210127530426044
0,11,0.032842678203573526,0.03232430035979163,0.0051837778129796355
0,12,0.030241787111892536,0.029774186759535304,0.004676003118963216
0,13,0.019464888682696257,0.019088461896882566,0.003764267555960505
0,14,0.020664013220085053,0.020327653571459995,0.003363596719168541
0,15,0.02301264307748607,0.022689473289945635,0.003231697809754305
0,16,0.01708147811686273,0.016832397977972036,0.0024908013206960977
0,17,0.01797868111114374,0.01775759777066762,0.002210833186975361
0,18,0.01770658849882526,0.017504402575313084,0.002021859704129563
0,19,0.013397265618501485,0.01323303957271298,0.0016422601360369066
0,20,0.015540191618179272,0.015387772821267553,0.001524187753659355
1,1,0.5548234211146668,0.5185290011615639,0.3629442019953517
1,2,0.22422694998597467,0.21483513137502663,0.09391818802927343
1,3,0.13969097256169827,0.13476353145933234,0.049274410589708
1,4,0.10218603171205604,0.09894822335326484,0.03237808112823538
1,5,0.06825434536775112,0.06606464689919467,0.02189698601808296
1,6,0.057417368316076495,0.055783411635220215,0.016339566114891287
1,7,0.046766052228401175,0.045473460851659514,0.012925914417414273
1,8,0.037703424710738564,0.03665320085439191,0.010502237787790343
1,9,0.03824462187512464,0.0373716294234881,0.008729923289663204
1,10,0.03227245024944142,0.03157674844987016,0.006957016872852133
1,11,0.02715208636627928,0.026578519604384645,0.005735667706294142
1,12,0.02569695630840944,0.025218631470997337,0.004783248266214019
1,13,0.022358975466131702,0.021964303958658327,0.003946714224486643
1,14,0.018895349372590662,0.018547405968127498,0.003479433955657687
1,15,0.024158259979399268,0.02382083822680132,0.003374215871482218
1,16,0.01828179025932418,0.018027350350881745,0.0025443988507225586
1,17,0.015877831665152973,0.015655138392354384,0.002226932555874756
1,18,0.012887424137629151,0.012689008790652118,0.001984153266675096
1,19,0.01740454242340096,0.01722292327962074,0.0018161915967008157
1,20,0.015113450105627963,0.014961714945445717,0.0015173517945799842
2,1,0.5269808066479494,0.497814484509284,0.29166322011619267
2,2,0.2206928131600457,0.21216954039566818,0.08523272789042119
2,3,0.1431559306989976,0.1380275652715372,0.05128365953166101
2,4,0.10756118374269952,0.10412901042681943,0.03432173288237073
2,5,0.08090517054789517,0.07856457685582866,0.023405936905307966
2,6,0.06024868744730875,0.05850158788049727,0.017470995041028104
2,7,0.04651818316125036,0.04522728109121472,0.012909020857069919
2,8,0.0442127073596672,0.04318253563101555,0.010301717464055291
2,9,0.04170125761417803,0.04080889406872868,0.00892363682931416
2,10,0.033514080502367406,0.03280107024556804,0.0071301023040704434
2,11,0.02689330178958077,0.026311248865241485,0.005820528480999735
2,12,0.030430744395711733,0.029960307835378473,0.004704365066062428
2,13,0.025435628615166156,0.025026419336240342,0.004092093807546833
2,14,0.027640662184549376,0.0272451420381507,0.003955201447786045
2,15,0.019138804472096354,0.018851338719107387,0.002874656696847496
2,16,0.020435615533789496,0.020165393758404634,0.0027022183666251215
2,17,0.020409379931379677,0.020136972610547272,0.002724073702838274
2,18,0.01649666240233474,0.01628067936205237,0.0021598303015183873
2,19,0.014176363669519663,0.014000299506353042,0.0017606411703968703
2,20,0.017150903144952545,0.016985842100298642,0.0016506097691341873
3,1,0.5486296825655668,0.5155211967939795,0.33108484720441794
3,2,0.2210968285556913,0.2127984745057579,0.0829835398921876
3,3,0.13797272772151908,0.13357876576627586,0.04393962090081862
3,4,0.10126930066249233,0.09824170086357299,0.030275999184862224
3,5,0.07702317200680253,0.0749579026099444,0.020652694875576274
3,6,0.055073208314465695,0.0535749408837006,0.014982675196021636
3,7,0.04911881455249033,0.04796271197336746,0.011561025151490063
3,8,0.04008083099120111,0.039178529615298524,0.009023013423791663
3,9,0.03217213919858622,0.03145095749892394,0.00721181657199278
3,10,0.02838774040525756,0.027813747379946987,0.005739930086885448
3,11,0.0266810548642515,0.026167666535941405,0.005133883881168117
3,12,0.02467481374653067,0.024214397883537398,0.004604157783931947
3,13,0.02613246554867087,0.025742397692979663,0.0039006788923790746
3,14,0.02329691552340895,0.022982295881456293,0.0031461961434239402
3,15,0.017918997467608992,0.017662637400208188,0.002563600455989407
3,16,0.020519269319057256,0.020272309581205898,0.0024695967117699517
3,17,0.01491582009430573,0.014721028050290203,0.0019479203653095692
3,18,0.014001335975128648,0.013830672703132102,0.0017066328982914436
3,19,0.012760885839456795,0.012600406994389569,0.001604788129435243
3,20,0.013740039726449443,0.013593044788931103,0.0014699492503435756
4,1,0.5519258601701104,0.5172684134276817,0.3465744604901935
4,2,0.21254470248584356,0.20252542529109108,0.1001927651673574
4,3,0.14323040275152382,0.13787046518100293,0.05359937258171382
4,4,0.09168954770165938,0.08830479594885228,0.03384751962392354
4,5,0.07453753421895609,0.07213602299154658,0.024015111430515098
4,6,0.05796445355180931,0.05624509599632407,0.017193575767949734
4,7,0.058042267103075015,0.05667201292091968,0.013702542923608773
4,8,0.04217906539011387,0.04111462302932512,0.010644423595485326
4,9,0.04082191855920938,0.03994670072416865,0.00875217783008079
4,10,0.03374869984429151,0.03302781010033851,0.007208898031241455
4,11,0.03535747153646247,0.03471778297023738,0.006396885421625486
4,12,0.03025982514969592,0.029703870383465076,0.005559547019133712
4,13,0.02433809289730756,0.023900185224751395,0.0043790773053925345
4,14,0.021996467273251177,0.021604599285576384,0.003918679507174567
4,15,0.02209765373380865,0.021771822318286352,0.003258313694835525
4,16,0.016476320109533538,0.016211002153317215,0.002653179674768066
4,17,0.018299477117764345,0.018051901653231665,0.0024757543372427296
4,18,0.014844907040510143,0.014633169692466365,0.0021173730372626848
4,19,0.017205465038254274,0.01702117396987437,0.001842910423874855
4,20,0.022809535435006235,0.022601715074626088,0.0020782042812850436
