,precision,recall,f1-score,support
MEL,0.6198830409356725,0.5247524752475248,0.5683646112600537,202.0
NV,0.9023224043715847,0.9544797687861272,0.9276685393258427,1384.0
BCC,0.8,0.7578947368421053,0.7783783783783784,95.0
AKIEC,0.6923076923076923,0.6716417910447762,0.6818181818181818,67.0
BKL,0.7272727272727273,0.6126126126126126,0.6650366748166259,222.0
DF,0.8421052631578947,0.6666666666666666,0.7441860465116279,24.0
VASC,0.7142857142857143,0.625,0.6666666666666666,16.0
accuracy,0.8487562189054726,0.8487562189054726,0.8487562189054726,0.8487562189054726
macro avg,0.7568824060473266,0.6875782930285447,0.7188741569681968,2010.0
weighted avg,0.840551661941692,0.8487562189054726,0.8430328097619395,2010.0
