fold,epoch,loss,loss_cls,loss_cons,loss_masked_ce,loss_area,loss_bin,mask_mean,mask_frac_below_05
0,1,2.092936103037932,1.121211405843962,0.15732058921823977,0.9559926365095591,0.00491290995689362,0.1476737298904814,0.5635642749103155,0.4213784423310702
0,2,1.1398806393764835,0.6044850497525299,0.08234057638320666,0.5271615325890546,0.013754808572208847,0.12088681266518209,0.6128051706797301,0.3798683252748497
0,3,0.8936522200381424,0.47056471212344414,0.05805591309373043,0.4172819114568725,0.023859466152881894,0.10917364986497691,0.6515684181892072,0.34331167069409374
0,4,0.6793441868412422,0.3511998186467841,0.03848646111286308,0.32429572043307436,0.031432790724322465,0.10215709324557846,0.6748381700758308,0.32380900618702513
0,5,0.5558705167194676,0.28676134932713127,0.029397793221274043,0.2661693875394215,0.03832912141262345,0.09813811581215401,0.6936102426211516,0.30733912780186246
0,6,0.4310266897240634,0.22060386864278722,0.023896959141304665,0.20803312297806623,0.04206893675391517,0.09511089975491804,0.7031505906854536,0.3003910171800875
0,7,0.3437979149231388,0.17957194622360667,0.02180798504854974,0.16204517035084046,0.04555051803492022,0.09161183601293009,0.7115497908552294,0.29442237471211125
0,8,0.29035638053928847,0.1499904444174176,0.018310320344198914,0.1385349048001962,0.05033101206544101,0.08843584846085481,0.7226283809957229,0.28606372321490836
0,9,0.24256944513338802,0.12526508656580318,0.015560210425322421,0.11574833775133568,0.05368048133585337,0.08592451975883775,0.729999534652585,0.28086029318120687
0,10,0.1774795668793535,0.08923917856458992,0.01167107588025931,0.08707328070231679,0.056584096365743186,0.08354015768490618,0.7363250146000374,0.27678427419399054
0,11,0.1522235518905494,0.07870588217425564,0.010056385035020026,0.07251203082405974,0.059538629931735185,0.08303383301998016,0.7425588461596166,0.27174664087339334
0,12,0.13177239985938907,0.06805145926191544,0.008673868324235594,0.06285355424112922,0.06256246261243716,0.08228177047400843,0.7486931993400823,0.2659157370030321
0,13,0.1200274178280322,0.06013436212254798,0.008017657094896623,0.05909128949454003,0.07148313437505985,0.08103258763551116,0.766152358497624,0.24491580763528858
0,14,0.15764260879085595,0.08284126930781535,0.009076382221746945,0.07389370070898657,0.07523580820742823,0.081186119672351,0.7731026244258868,0.23338663655137318
0,15,0.11434211594702944,0.05724818968404875,0.007029428426490592,0.05639098357158279,0.08102275520179468,0.0799812126414446,0.7835696568683957,0.22115347586100048
0,16,0.09671325681116742,0.049154315051634215,0.004962749141115365,0.0470626673490878,0.0832773821670299,0.07973256117644839,0.7875184626404069,0.21537868692537887
0,17,0.09779427712905438,0.04973938405362908,0.005659413503601899,0.04748895111668484,0.08687049076342908,0.07801433137216772,0.7936852819143929,0.20833109594288357
0,18,0.08728742015946955,0.04456959118762324,0.004425195279618365,0.04227530948958342,0.08159470623444057,0.07809525769478141,0.7845506065786667,0.22218395874449914
0,19,0.09513678427037411,0.04809393787237647,0.004471714736703109,0.04659567404817289,0.08285939726694988,0.07704826608838446,0.7868125006610521,0.21927615896997832
0,20,0.08136434518401436,0.04112161538816142,0.004084790699927043,0.03983425103996772,0.08391314190788547,0.07620986683836371,0.7886213970667063,0.2186665419503579
1,1,2.0778353655240163,1.1319582588388961,0.16974379344343635,0.9289027240604021,0.011674217576145694,0.1400912679744855,0.6027645939423515,0.391356684235927
1,2,1.1567985565176506,0.624912075863779,0.08487107272077064,0.5233993724445715,0.012843300193737766,0.12704233557216305,0.608410596401503,0.3967221624374271
1,3,0.888311747928961,0.46836641233857657,0.053388767451304366,0.4146064577866267,0.01922217954343232,0.12050014294741546,0.6345785367545358,0.36457765206460435
1,4,0.70774310186457,0.3747596892596302,0.04447162509462607,0.32853624898541683,0.023586385472902753,0.11513131315733732,0.6498449624967444,0.3473256533432554
1,5,0.5119023003923712,0.26498306365895075,0.030919257599287094,0.24382730998446384,0.030696518171878788,0.11172902309952545,0.6720963119717125,0.32270757391227395
1,6,0.4186943834203828,0.21697017470926203,0.02481475159392062,0.19924273217934627,0.03735917352416861,0.10872371404077026,0.69045161952637,0.30276265637064015
1,7,0.36403334649253233,0.18937292579449036,0.02294915415909737,0.1723655049277232,0.041157913045578094,0.10672690962824806,0.7000637997799486,0.29211060208821127
1,8,0.23462422381659997,0.11851159505867608,0.01447574531180465,0.11466505319013891,0.04366634229147455,0.10467696008308477,0.7061999384587945,0.2856608280727589
1,9,0.19130283648398608,0.09786457165306303,0.010161335422546155,0.09242213029394901,0.04722464285339314,0.10368378269543045,0.7147726866782054,0.2758054524385058
1,10,0.17651576568328642,0.09035422758706403,0.010343526521394246,0.08512718518547775,0.04891481578822117,0.10203029081898159,0.7187705809530638,0.27296745120720783
1,11,0.14799255133650865,0.07520331295165791,0.009032312151993353,0.0718860069404099,0.0541609675249693,0.09963652961203272,0.7303510786559879,0.2582760162560474
1,12,0.1365431532204285,0.0700431773827004,0.007572112080830887,0.06574276420196026,0.055670817107348766,0.09883247400815423,0.7335764289229373,0.2538090254800163
1,13,0.12571604905780576,0.06524848742663757,0.007431290157387406,0.05972443180459341,0.05497688233172189,0.0987960071386349,0.7322733002013475,0.255776537575309
1,14,0.09728465420694594,0.05031411598342914,0.005884988848598528,0.04638203887938412,0.056710717447397564,0.09778231010677274,0.7357245136984389,0.2520604083799132
1,15,0.1205082729098267,0.06177149193691744,0.006478672533536023,0.05808891363611064,0.055306078398255944,0.09846819795800076,0.7328263981498724,0.2578356801407924
1,16,0.08525851500483338,0.043917785263691174,0.005260234056089429,0.04081470705290021,0.05784155592976529,0.09756903936326816,0.738288517098202,0.2508157606983042
1,17,0.0664342367902201,0.033449850651236,0.0037643959331443502,0.03260794664965652,0.05745848185847632,0.09692822462730677,0.7375158379130841,0.25352649781718223
1,18,0.0648834523873812,0.03400593192262464,0.004111863600892073,0.030466334030346237,0.05959786976675763,0.09545598732180713,0.741821298206141,0.24855553990856732
1,19,0.06739599091514488,0.034031089922159086,0.003387940885107913,0.03302610710859819,0.06025396419763862,0.09435057429697603,0.7430920620813843,0.24771304740799308
1,20,0.07910218380807893,0.041357999338577235,0.0046564933950075426,0.037278535223644285,0.060765611622496475,0.09391908439786453,0.7442854246643601,0.2452339315450111
2,1,2.0558231346909515,1.1064577552841872,0.187516441410739,0.9306137318241827,0.0037903461195202747,0.14843951121372853,0.4869117683280192,0.5226376261285214
2,2,1.169470866168759,0.6255105504164615,0.1001826408885182,0.5339420566106126,0.00883339944421817,0.12680091234313778,0.5856540543224423,0.4065571181964755
2,3,0.8694795830781425,0.4604514444194534,0.0690310533328923,0.402125032557911,0.01780663918375708,0.11379676444280304,0.6283085103112411,0.3671047363483779
2,4,0.6688781460548177,0.34442380549831736,0.051387650699707806,0.31931557461740373,0.025892414908849172,0.10587718678332358,0.6572900111492093,0.3395071890002709
2,5,0.5271737375310032,0.270762005941634,0.038767437756917836,0.2525349913650122,0.036148833168401784,0.09939275663450761,0.6872815605627605,0.3079911730089908
2,6,0.4095400433924554,0.2128982353627421,0.030193794922534375,0.19362242755705233,0.040358089377811594,0.09673896729666914,0.6983556551459728,0.2953715086243884
2,7,0.35575588093483024,0.185068428918468,0.025940545110833563,0.1680933979434717,0.043920500028289754,0.09370760530754597,0.7070993017435521,0.2886971088367131
2,8,0.2864033306784216,0.14867737536725217,0.01950699036416227,0.13577525722168893,0.04758925162427951,0.0899609038079254,0.7158151056079995,0.28031714200452296
2,9,0.21485625086986296,0.11101277963136748,0.015700226422773907,0.10227344807500321,0.05439395917199091,0.0862559448297064,0.731096960104383,0.262782184858757
2,10,0.19035402632816964,0.0993965240008082,0.01406512364354229,0.08955099134055024,0.05801124872173241,0.08422828629510541,0.7387067682068471,0.25582734596572915
2,11,0.17436545736003414,0.09010229981332775,0.011232753829573333,0.0831398816904906,0.05833359990573763,0.08262467370656489,0.7392950044282893,0.2566686579765639
2,12,0.1510130218980016,0.08003339706213305,0.012043815597817349,0.06977524369824759,0.0587014068204265,0.08306262456741577,0.7400522109644626,0.25767823159508524
2,13,0.15660431741327885,0.0846408368059801,0.012461029993676157,0.07071737862150793,0.06426495453534761,0.07989950293604096,0.7515667761958145,0.24526761993067775
2,14,0.11174198971510976,0.058554287549855186,0.009228020706571765,0.052264900480412754,0.0636440619602939,0.08022739153906824,0.7504012800990455,0.2457647579692439
2,15,0.10308361095722432,0.05440223831671763,0.007432350898621084,0.04793813802246039,0.06409995274887019,0.07865812476633639,0.7512818898728756,0.24663921138929026
2,16,0.07791820075234944,0.04155228604131531,0.006723281508631571,0.0356935869183375,0.06276067490878513,0.07848199018365067,0.7486424736124809,0.2503282324270782
2,17,0.10436030701687007,0.05528812149515158,0.00844242957064057,0.04822794270377692,0.06192368787854705,0.07812926250368561,0.7468948953975222,0.25354560778373336
2,18,0.1020875068808406,0.05322683507077475,0.00808545622758237,0.04805212595746117,0.06308999243172014,0.07697665539664972,0.7493441340403584,0.2498846325648717
2,19,0.08997906303122817,0.04776770383687335,0.00828119132791103,0.041383240049440814,0.058101350486948665,0.07528655149373019,0.7390158869637913,0.2632079396115326
2,20,0.09133264057566269,0.04860850714430967,0.009350424405212963,0.0417890910778211,0.0585648983381898,0.0743333520226967,0.7400935045709318,0.2625629344688662
3,1,2.052903365647848,1.1169051865520603,0.18055951027643113,0.9179422251061639,0.0020706805978130995,0.12303636814207453,0.5227004240757375,0.47551198032718495
3,2,1.1227445874180202,0.592668152722608,0.08490197543218246,0.5215862382223362,0.008692264366569504,0.1066451690184997,0.5880635264083425,0.42453620961168054
3,3,0.8799318604105161,0.4594663216194322,0.05997307842753109,0.4144682327378297,0.014058317766552671,0.09783134291267681,0.6148527284336602,0.4077219854234353
3,4,0.7089336641042504,0.36644133417744323,0.04523592033381463,0.33796873773251335,0.021811827286005156,0.09299151667105884,0.6446003666998014,0.38039887089265045
3,5,0.5463785575994953,0.27917879880212154,0.034157207132562845,0.26378403853035143,0.030056878673409747,0.09068142500628144,0.6710820663662169,0.3438881286761564
3,6,0.4458315303185302,0.22853182150622992,0.027353926612174357,0.21456431449036972,0.03929936133977875,0.08927446641116392,0.6959240204199391,0.3045537621173959
3,7,0.35649378473140975,0.1814757141973388,0.02305665408845336,0.1727124052367841,0.0409933541744385,0.08749338828139924,0.700364701964828,0.30011299071856073
3,8,0.28458923519350504,0.14753297358330392,0.01952136190715931,0.1351041258049114,0.047830289203909665,0.08588079693592753,0.7166504616395278,0.2785876188676307
3,9,0.21811838119331858,0.11166934415915954,0.015611774037739825,0.10488786057909792,0.050522925202518144,0.08479633702738347,0.7229195097180817,0.2706983005265983
3,10,0.16095389095548837,0.08132893160691397,0.010178315074346822,0.07860712731533416,0.054168164032598595,0.08329417504749213,0.730923773288548,0.26180400487527655
3,11,0.14738180417669458,0.07371089491728261,0.010065365751252862,0.07266437264391891,0.058778320621094275,0.08287027768195682,0.7407028054523551,0.2477266802041028
3,12,0.14075561436008416,0.07153575822437216,0.0086041788260142,0.0683594377302383,0.06044625404115439,0.08244089077780536,0.7441101798026685,0.24465818630726752
3,13,0.13364741539913422,0.06729146110357426,0.008179420748474806,0.06553801214151339,0.06164748660233926,0.08095813949355303,0.7465613713459348,0.2429313618080301
3,14,0.11760224350548255,0.05986054393257622,0.007469569690131631,0.05699474203047969,0.06570934703269313,0.07918621251403116,0.7545893851212748,0.23360854783790913
3,15,0.09946639416791725,0.04930013456097723,0.006780887899345092,0.049488171062541296,0.06956765072604386,0.07843734401268536,0.7622072392069628,0.22278592415473383
3,16,0.11549339410201145,0.05850317921694808,0.006848977992296919,0.056305316821021925,0.08246582986943171,0.07684652156240418,0.7857794571989641,0.19349111663544272
3,17,0.05419252883447824,0.02605610944627747,0.0052654614009511585,0.027609873341889756,0.08632893214734878,0.0766840521718782,0.7925207703549509,0.18492331152155375
3,18,0.0593726499823984,0.029941306671449175,0.004147778048439967,0.029016565680019618,0.08671726965446827,0.07520353967814412,0.7931579519563757,0.18577014427753616
3,19,0.08757268691708067,0.0455927653937746,0.004277185796902148,0.04155220314227124,0.08095065692881766,0.07580763432435313,0.7830708344688029,0.19910520894753012
3,20,0.0670350877710833,0.033974729628050614,0.004088928536443863,0.032651465830337616,0.07990738147572418,0.0759600975204186,0.7811808030749243,0.20250019219357912
4,1,2.208305153909053,1.144246500237209,0.21583051973050918,1.0424756003672393,0.04791030415195297,0.14225842651552345,0.29521671269870203,0.8032282069149267
4,2,1.2579157681515591,0.6425988175072281,0.11372290559636931,0.6039446594259645,0.004347577702900824,0.17890576398661956,0.4431947864095988,0.6511334219628709
4,3,0.9598918536173756,0.48986768977717726,0.06785483572078033,0.46323867961347065,0.0009685808034416974,0.18330658966328836,0.505986539495607,0.5571822150271356
4,4,0.7358585384593814,0.3735222148557739,0.04586148382939385,0.35775017572732615,0.0043937570023087884,0.18190920773172645,0.5572644913352345,0.4714882503589934
4,5,0.5667366288356627,0.28466131305872616,0.03233919120495113,0.27884139671931,0.010195141360418688,0.1779800935606075,0.5911826550255819,0.41369771720388326
4,6,0.4531019466518243,0.22737804552042937,0.023503070797912622,0.22337359386242986,0.016316129347192402,0.17368552060177703,0.6170336469924442,0.37281789481825317
4,7,0.37475198162366086,0.18792987380179102,0.018852227019388334,0.18493688484861306,0.0201794214300955,0.16992773011966603,0.6308752234039947,0.352615463373894
4,8,0.3174635635954331,0.16005567287923056,0.016581027340966868,0.15574978636050343,0.024395065933150686,0.1670051009575625,0.6450288132324528,0.32856761162223175
4,9,0.28224363459069013,0.14487571502666557,0.014348467058306832,0.1359330742308718,0.027982976844426483,0.16458410182834488,0.6572480146159425,0.3063510344535873
4,10,0.19688776330170457,0.09844950522854229,0.01247109259897756,0.0971911485994834,0.031162744260253415,0.16173494314101444,0.6657176890207064,0.29517289872635355
4,11,0.19205632505019257,0.09649982807164469,0.01009172215784234,0.09454732343656495,0.03497355825128063,0.1589463834890165,0.676646135486871,0.27672808406956834
4,12,0.16668493601574094,0.0854085487594646,0.009281547809878565,0.08034823187942748,0.03558767852886315,0.15739009943376361,0.6780994466097369,0.2777745269197222
4,13,0.1746592663835871,0.09013377915425708,0.008855111256251071,0.08363997709810474,0.03937780230161783,0.1562010885916961,0.6884785247056767,0.25634786026145484
4,14,0.12266192846440646,0.06124742232499541,0.00757290109593303,0.06065721552269609,0.034751210660762345,0.15693936386721136,0.675115052327356,0.285927631720372
4,15,0.14239888069194967,0.07333616736091733,0.009766023862914558,0.06808611116909283,0.031678952109798854,0.1568822926349646,0.666594318313931,0.3075041525728894
4,16,0.1122658399326058,0.05729797639105731,0.007351971054640926,0.0542326665193065,0.03560560712383338,0.15468918724169847,0.6776060233371334,0.28915585609200434
4,17,0.08106379666607352,0.040220013325749975,0.0048050830961340095,0.04036327514382498,0.041502015566187905,0.15247456751666458,0.6928012223739244,0.26021106043400494
4,18,0.10974790810351796,0.0546227163004074,0.005142720550757688,0.0546109198907294,0.04926733798912466,0.14879197601435268,0.71262805194831,0.22146730022023906
4,19,0.0742512066883928,0.037033556321984726,0.004097132355452289,0.036807936504622316,0.04591541602261777,0.14950742597304,0.7048228765542862,0.23686930363454206
4,20,0.08750355661323372,0.04381139358713083,0.004668259681402413,0.043225337092966935,0.06413103569978205,0.14183018365927044,0.7454877206087854,0.15551096348285526
