fold,image_id,true_class,predicted_class,predicted_probability,attention_mean,attention_max,gradcam_mean,gradcam_max,attention_gradcam_pearson,image_path
0,ISIC_0025927,MEL,DF,0.8925651907920837,0.9840217141544118,1.0,0.1256665587425232,1.0,0.09560137340677098,skin_cancer_data/MEL/ISIC_0025927.jpg
0,ISIC_0027234,MEL,NV,0.4920884370803833,0.979375196801811,1.0,0.20528274774551392,1.0,0.07652585970229725,skin_cancer_data/MEL/ISIC_0027234.jpg
0,ISIC_0024812,NV,NV,0.9999996423721313,0.9854476496544797,1.0,0.3118014335632324,1.0,0.14954215987295325,skin_cancer_data/NV/ISIC_0024812.jpg
0,ISIC_0030626,NV,NV,0.9999873638153076,0.9872031484034586,1.0,0.24592672288417816,1.0,0.14457447103628593,skin_cancer_data/NV/ISIC_0030626.jpg
0,ISIC_0029337,BCC,BCC,0.9950026869773865,0.9911904328788808,1.0,0.12144940346479416,1.0,0.0790701368350054,skin_cancer_data/BCC/ISIC_0029337.jpg
0,ISIC_0030767,BCC,BCC,0.9996516704559326,0.9889930076848449,1.0,0.2687632441520691,1.0,0.14715522554761745,skin_cancer_data/BCC/ISIC_0030767.jpg
0,ISIC_0030408,AKIEC,AKIEC,0.9976766705513,0.9907630006212556,1.0,0.1757085919380188,1.0,0.10022642172006964,skin_cancer_data/AKIEC/ISIC_0030408.jpg
0,ISIC_0028854,AKIEC,AKIEC,0.999904990196228,0.9887812861689815,1.0,0.26002025604248047,1.0,0.12424066550281901,skin_cancer_data/AKIEC/ISIC_0028854.jpg
0,ISIC_0032170,BKL,BKL,0.9698827266693115,0.973309206495098,1.0,0.27478349208831787,1.0,-0.010789238340860267,skin_cancer_data/BKL/ISIC_0032170.jpg
0,ISIC_0025810,BKL,BKL,0.9282401204109192,0.9843381129578567,1.0,0.25300925970077515,1.0,-0.06504715326128636,skin_cancer_data/BKL/ISIC_0025810.jpg
0,ISIC_0026789,DF,AKIEC,0.9999769926071167,0.9838991119451254,1.0,0.2790999114513397,1.0,0.17303476116695532,skin_cancer_data/DF/ISIC_0026789.jpg
0,ISIC_0032114,DF,AKIEC,0.9999438524246216,0.9840900894863154,1.0,0.2646074891090393,1.0,0.09204472708727383,skin_cancer_data/DF/ISIC_0032114.jpg
0,ISIC_0031093,VASC,VASC,0.999923825263977,0.9901000178717321,1.0,0.08115115761756897,1.0,0.05169074445901292,skin_cancer_data/VASC/ISIC_0031093.jpg
0,ISIC_0026467,VASC,VASC,0.9999970197677612,0.9762535211567267,1.0,0.1012841984629631,1.0,0.06734571228016395,skin_cancer_data/VASC/ISIC_0026467.jpg
1,ISIC_0027502,MEL,NV,0.9329848885536194,0.9776090601171025,1.0,0.095809206366539,1.0,0.10410961237859791,skin_cancer_data/MEL/ISIC_0027502.jpg
1,ISIC_0026158,MEL,BCC,0.5824053883552551,0.9874005353009261,1.0,0.15756337344646454,1.0,0.0824027100160848,skin_cancer_data/MEL/ISIC_0026158.jpg
1,ISIC_0032747,NV,NV,0.9823964834213257,0.9751064591418164,1.0,0.13457030057907104,1.0,0.12255843902330729,skin_cancer_data/NV/ISIC_0032747.jpg
1,ISIC_0027357,NV,NV,0.9995775818824768,0.979984883493328,1.0,0.2632714807987213,1.0,0.02170447894079231,skin_cancer_data/NV/ISIC_0027357.jpg
1,ISIC_0030594,BCC,BCC,0.9999878406524658,0.9762135491132216,1.0,0.09204298257827759,1.0,0.08474004812493673,skin_cancer_data/BCC/ISIC_0030594.jpg
1,ISIC_0029372,BCC,BCC,0.997218132019043,0.982590885203908,1.0,0.06884237378835678,1.0,0.05762243273091577,skin_cancer_data/BCC/ISIC_0029372.jpg
1,ISIC_0029025,AKIEC,AKIEC,0.9999997615814209,0.9875497855392157,1.0,0.20399697124958038,1.0,0.1144197562943178,skin_cancer_data/AKIEC/ISIC_0029025.jpg
1,ISIC_0030714,AKIEC,AKIEC,0.9996241331100464,0.9813443584899237,1.0,0.15328656136989594,1.0,0.1397404295907187,skin_cancer_data/AKIEC/ISIC_0030714.jpg
1,ISIC_0032694,BKL,BKL,0.9301971197128296,0.9811711728962417,1.0,0.26232779026031494,1.0,0.2532048303071941,skin_cancer_data/BKL/ISIC_0032694.jpg
1,ISIC_0027320,BKL,BKL,0.9265250563621521,0.9849777454384532,1.0,0.27576935291290283,1.0,0.047634074669654226,skin_cancer_data/BKL/ISIC_0027320.jpg
1,ISIC_0028926,DF,BCC,0.8510934114456177,0.9817842903220316,1.0,0.12397892028093338,1.0,0.09620971706315057,skin_cancer_data/DF/ISIC_0028926.jpg
1,ISIC_0027727,DF,DF,0.9999979734420776,0.9767128140318628,1.0,0.08866258710622787,1.0,0.08282988423953946,skin_cancer_data/DF/ISIC_0027727.jpg
1,ISIC_0034196,VASC,VASC,0.9904639720916748,0.983869591673475,1.0,0.1963924765586853,1.0,0.06151562742779637,skin_cancer_data/VASC/ISIC_0034196.jpg
1,ISIC_0030104,VASC,VASC,0.9999994039535522,0.9897248710682189,1.0,0.18087466061115265,1.0,0.05267037532990037,skin_cancer_data/VASC/ISIC_0030104.jpg
2,ISIC_0029744,MEL,MEL,0.9999433755874634,0.9765488568474265,1.0,0.1572488695383072,1.0,0.0837955497441832,skin_cancer_data/MEL/ISIC_0029744.jpg
2,ISIC_0034087,MEL,NV,0.9999915361404419,0.9903802742885348,1.0,0.13960939645767212,1.0,0.06578068658177656,skin_cancer_data/MEL/ISIC_0034087.jpg
2,ISIC_0029605,NV,NV,0.999995231628418,0.9900948318780638,1.0,0.2775686979293823,1.0,-0.001848288973338865,skin_cancer_data/NV/ISIC_0029605.jpg
2,ISIC_0026484,NV,NV,0.9950769543647766,0.9908576516544118,1.0,0.1859637349843979,1.0,0.0011113787711739573,skin_cancer_data/NV/ISIC_0026484.jpg
2,ISIC_0033054,BCC,VASC,0.56074458360672,0.9910373795785676,1.0,0.18089716136455536,1.0,0.09578825685574212,skin_cancer_data/BCC/ISIC_0033054.jpg
2,ISIC_0024666,BCC,BCC,0.9613966941833496,0.9755142112183416,1.0,0.16406360268592834,1.0,0.1269835608833216,skin_cancer_data/BCC/ISIC_0024666.jpg
2,ISIC_0029811,AKIEC,AKIEC,0.9999679327011108,0.9914322065631809,1.0,0.1960773766040802,1.0,-0.026733903555376692,skin_cancer_data/AKIEC/ISIC_0029811.jpg
2,ISIC_0031228,AKIEC,AKIEC,0.9532583951950073,0.986344746774578,1.0,0.21869724988937378,1.0,0.11387868807470694,skin_cancer_data/AKIEC/ISIC_0031228.jpg
2,ISIC_0030965,BKL,MEL,0.9995782971382141,0.9828526316125408,1.0,0.08509514480829239,1.0,-0.057403290439683834,skin_cancer_data/BKL/ISIC_0030965.jpg
2,ISIC_0029029,BKL,BKL,0.9995571970939636,0.9894368755531726,1.0,0.18663030862808228,1.0,-0.04077478947923456,skin_cancer_data/BKL/ISIC_0029029.jpg
2,ISIC_0031123,DF,DF,0.9889302849769592,0.9905293383629493,1.0,0.10798044502735138,1.0,0.007289182963952522,skin_cancer_data/DF/ISIC_0031123.jpg
2,ISIC_0032410,DF,BKL,0.6271413564682007,0.9832071674155772,1.0,0.11169016361236572,1.0,0.00955547707703666,skin_cancer_data/DF/ISIC_0032410.jpg
2,ISIC_0029486,VASC,BKL,0.8264794945716858,0.9835758250782953,1.0,0.12226539105176926,1.0,-0.07822597049378557,skin_cancer_data/VASC/ISIC_0029486.jpg
2,ISIC_0028188,VASC,VASC,0.998063862323761,0.9838589005480665,1.0,0.22996044158935547,1.0,0.08842075167345086,skin_cancer_data/VASC/ISIC_0028188.jpg
3,ISIC_0032624,MEL,MEL,0.998238205909729,0.984835994944853,1.0,0.14177019894123077,1.0,-0.02478195766625837,skin_cancer_data/MEL/ISIC_0032624.jpg
3,ISIC_0030970,MEL,BKL,0.9590160250663757,0.9907659792432599,1.0,0.1812194138765335,1.0,0.05829690679792879,skin_cancer_data/MEL/ISIC_0030970.jpg
3,ISIC_0031262,NV,NV,0.9999958276748657,0.9900503387118736,1.0,0.2714448571205139,1.0,0.1366251116904534,skin_cancer_data/NV/ISIC_0031262.jpg
3,ISIC_0030085,NV,NV,0.9952765703201294,0.9896951912275327,1.0,0.1387120485305786,1.0,0.11267569914308967,skin_cancer_data/NV/ISIC_0030085.jpg
3,ISIC_0030233,BCC,BCC,0.9879173636436462,0.9903888378267973,1.0,0.10454243421554565,1.0,0.09665758881934436,skin_cancer_data/BCC/ISIC_0030233.jpg
3,ISIC_0032652,BCC,BCC,0.9988940358161926,0.989552243966163,1.0,0.10268422961235046,1.0,0.09990320290018795,skin_cancer_data/BCC/ISIC_0032652.jpg
3,ISIC_0027047,AKIEC,AKIEC,0.4904184639453888,0.9899523367289625,1.0,0.07166098058223724,1.0,0.05795102332667444,skin_cancer_data/AKIEC/ISIC_0027047.jpg
3,ISIC_0027896,AKIEC,AKIEC,0.9998250603675842,0.990824567674292,1.0,0.25425177812576294,1.0,0.10964647513055112,skin_cancer_data/AKIEC/ISIC_0027896.jpg
3,ISIC_0033583,BKL,BKL,0.995532751083374,0.9893884463507625,1.0,0.18833668529987335,1.0,0.11284299445847715,skin_cancer_data/BKL/ISIC_0033583.jpg
3,ISIC_0027219,BKL,BKL,0.9983274340629578,0.9897138873995779,1.0,0.1606931835412979,1.0,0.11647505660756573,skin_cancer_data/BKL/ISIC_0027219.jpg
3,ISIC_0033675,DF,MEL,0.97580486536026,0.9880910703039897,1.0,0.21269017457962036,1.0,0.0031281402450144794,skin_cancer_data/DF/ISIC_0033675.jpg
3,ISIC_0029973,DF,DF,0.9999263286590576,0.9897017069631673,1.0,0.2227829098701477,1.0,0.03165024247967674,skin_cancer_data/DF/ISIC_0029973.jpg
3,ISIC_0025250,VASC,VASC,0.9970013499259949,0.9670898171551607,1.0,0.06307081878185272,1.0,0.07951181885842885,skin_cancer_data/VASC/ISIC_0025250.jpg
3,ISIC_0032614,VASC,VASC,0.9999992847442627,0.9842474245557598,1.0,0.11309312283992767,1.0,0.0786056897688395,skin_cancer_data/VASC/ISIC_0032614.jpg
4,ISIC_0033344,MEL,MEL,0.9943826198577881,0.9768840847971134,1.0,0.1590566784143448,1.0,0.023296883282631627,skin_cancer_data/MEL/ISIC_0033344.jpg
4,ISIC_0032531,MEL,MEL,0.9999949932098389,0.9770945031658496,1.0,0.3307974934577942,1.0,0.09547028860261896,skin_cancer_data/MEL/ISIC_0032531.jpg
4,ISIC_0024813,NV,NV,0.9991248250007629,0.9781025539556099,1.0,0.16354328393936157,1.0,0.05187943769986241,skin_cancer_data/NV/ISIC_0024813.jpg
4,ISIC_0026821,NV,NV,0.9995182752609253,0.980691827512255,1.0,0.2918603718280792,1.0,-0.014008230309891885,skin_cancer_data/NV/ISIC_0026821.jpg
4,ISIC_0026593,BCC,BCC,0.9847609996795654,0.9738871389484614,1.0,0.10904144495725632,1.0,0.010582565765383854,skin_cancer_data/BCC/ISIC_0026593.jpg
4,ISIC_0031526,BCC,NV,0.8951498866081238,0.9766929742817266,1.0,0.19577889144420624,1.0,0.03431374693161475,skin_cancer_data/BCC/ISIC_0031526.jpg
4,ISIC_0027562,AKIEC,NV,0.6845387816429138,0.9911754865791802,1.0,0.29112204909324646,1.0,0.08194074844121035,skin_cancer_data/AKIEC/ISIC_0027562.jpg
4,ISIC_0025825,AKIEC,AKIEC,0.9998818635940552,0.9839109200537853,1.0,0.09602101892232895,1.0,0.029852718651811886,skin_cancer_data/AKIEC/ISIC_0025825.jpg
4,ISIC_0024592,BKL,BKL,0.9998422861099243,0.9847745076763346,1.0,0.34609970450401306,1.0,0.03556607640326985,skin_cancer_data/BKL/ISIC_0024592.jpg
4,ISIC_0033270,BKL,MEL,0.6161291599273682,0.9744224930640658,1.0,0.12710845470428467,1.0,0.027956457583263306,skin_cancer_data/BKL/ISIC_0033270.jpg
4,ISIC_0028346,DF,BKL,0.5216997265815735,0.9909864770561002,1.0,0.23019558191299438,1.0,-0.03150699185647116,skin_cancer_data/DF/ISIC_0028346.jpg
4,ISIC_0027008,DF,DF,0.5953355431556702,0.9773408511625136,1.0,0.12192479521036148,1.0,0.05556018967633399,skin_cancer_data/DF/ISIC_0027008.jpg
4,ISIC_0032545,VASC,VASC,0.9999998807907104,0.9881180374710647,1.0,0.13647006452083588,1.0,0.09903334178473827,skin_cancer_data/VASC/ISIC_0032545.jpg
4,ISIC_0029404,VASC,VASC,0.972841739654541,0.9770101709303513,1.0,0.13902272284030914,1.0,0.07858698521569737,skin_cancer_data/VASC/ISIC_0029404.jpg
